Workbook

Sheet 2020
A1: January | B1: February | C1: March | D1: April | E1: May
A2: 3 | B2: 35 | C2: 23 | D2: 34 | E2: 5
A3: 18 | B3: 18 | C3: 22 | D3: 32 | E3: 28
A4: 25 | B4: 28 | C4: 22 | D4: 34 | E4: 18
A5: 21 | B5: 17 | C5: 25 | D5: 19 | E5: 29
A6: 31 | B6: 29 | C6: 39 | D6: 26 | E6: 36
A7: 27 | B7: 11 | C7: 40 | D7: 39 | E7: 37
A8: 15 | B8: 23 | C8: 22 | D8: 17 | E8: 34

Sheet 2021
A1: January | B1: February | C1: March | D1: April | E1: May
A2: 10 | B2: 73 | C2: 7 | D2: 11 | E2: 5
A3: 97 | B3: 21 | C3: 76 | D3: 66 | E3: 33
A4: 5 | B4: 47 | C4: 29 | D4: 80 | E4: 20
A5: 2 | B5: 25 | C5: 11 | D5: 76 | E5: 57
A6: 40 | B6: 48 | C6: 88 | D6: 14 | E6: 10
A7: 100 | B7: 50 | C7: 82 | D7: 32 | E7: 77
A8: 42 | B8: 51 | C8: 95 | D8: 47 | E8: 10

Sheet 2022
A1: January | B1: February | C1: March | D1: April | E1: May
A2: 7 | B2: 26 | C2: 23 | D2: 34 | E2: 5
A3: 27 | B3: 34 | C3: 40 | D3: 17 | E3: 28
A4: 50 | B4: 39 | C4: 12 | D4: 44 | E4: 29
A5: 45 | B5: 27 | C5: 20 | D5: 36 | E5: 34
A6: 49 | B6: 14 | C6: 10 | D6: 41 | E6: 25
A7: 46 | B7: 47 | C7: 44 | D7: 31 | E7: 24
A8: 18 | B8: 36 | C8: 28 | D8: 45 | E8: 30

Sheet Sheet2
B1: February | C1: March | D1: April | E1: May
A2: 3 | B2: 35 | C2: 23 | D2: 34 | E2: 5
A3: 50 | B3: 39 | C3: 12 | D3: 44 | E3: 29
A4: 45 | B4: 27 | C4: 20 | D4: 36 | E4: 34
A5: 49 | B5: 14 | C5: 10 | D5: 41 | E5: 25
A6: 46 | B6: 47 | C6: 44 | D6: 31 | E6: 24
A7: 18 | B7: 54 | C7: 50 | D7: 77 | E7: 58
A8: 25 | B8: 28 | C8: 22 | D8: 34 | E8: 18
A9: 21 | B9: 17 | C9: 25 | D9: 19 | E9: 29
A10: 31 | B10: 29 | C10: 39 | D10: 26 | E10: 36
A11: 7 | B11: 26 | C11: 23 | D11: 34 | E11: 5
A12: 27 | B12: 45 | C12: 80 | D12: 56 | E12: 65
A13: 15 | B13: 23 | C13: 22 | D13: 17 | E13: 34
... A20: 42 | B20: 51 | C20: 95 | D20: 47 | E20: 10

Sheet 3d summ
A1: January | B1: February | C1: March | D1: April | E1: May
A2: =SUM('2020:2022'!A2) -> 20 | B2: =SUM('2020:2022'!B2) -> 134 | C2: =SUM('2020:2022'!C2) -> 53 | D2: =SUM('2020:2022'!D2) -> 79 | E2: =SUM('2020:2022'!E2) -> 15
A3: =SUM('2020:2022'!A3) -> 142 | B3: =SUM('2020:2022'!B3) -> 73 | C3: =SUM('2020:2022'!C3) -> 138 | D3: =SUM('2020:2022'!D3) -> 115 | E3: =SUM('2020:2022'!E3) -> 89
A4: =SUM('2020:2022'!A4) -> 80 | B4: =SUM('2020:2022'!B4) -> 114 | C4: =SUM('2020:2022'!C4) -> 63 | D4: =SUM('2020:2022'!D4) -> 158 | E4: =SUM('2020:2022'!E4) -> 67
A5: =SUM('2020:2022'!A5) -> 68 | B5: =SUM('2020:2022'!B5) -> 69 | C5: =SUM('2020:2022'!C5) -> 56 | D5: =SUM('2020:2022'!D5) -> 131 | E5: =SUM('2020:2022'!E5) -> 120
A6: =SUM('2020:2022'!A6) -> 120 | B6: =SUM('2020:2022'!B6) -> 91 | C6: =SUM('2020:2022'!C6) -> 137 | D6: =SUM('2020:2022'!D6) -> 81 | E6: =SUM('2020:2022'!E6) -> 71
A7: =SUM('2020:2022'!A7) -> 173 | B7: =SUM('2020:2022'!B7) -> 108 | C7: =SUM('2020:2022'!C7) -> 166 | D7: =SUM('2020:2022'!D7) -> 102 | E7: =SUM('2020:2022'!E7) -> 138
A8: =SUM('2020:2022'!A8) -> 75 | B8: =SUM('2020:2022'!B8) -> 110 | C8: =SUM('2020:2022'!C8) -> 145 | D8: =SUM('2020:2022'!D8) -> 109 | E8: =SUM('2020:2022'!E8) -> 74

Sheet 3D Sum
A1: Products | B1: January | C1: February | D1: March | E1: April | F1: May
A2: Laptop | B2: =SUM('2020:2022'!B2) -> 134 | C2: =SUM('2020:2022'!C2) -> 53 | D2: =SUM('2020:2022'!D2) -> 79 | E2: =SUM('2020:2022'!E2) -> 15 | F2: =SUM('2020:2022'!F2) -> 0
A3: Mobile | B3: =SUM('2020:2022'!B3) -> 73 | C3: =SUM('2020:2022'!C3) -> 138 | D3: =SUM('2020:2022'!D3) -> 115 | E3: =SUM('2020:2022'!E3) -> 89 | F3: =SUM('2020:2022'!F3) -> 0
A4: Earphones | B4: =SUM('2020:2022'!B4) -> 114 | C4: =SUM('2020:2022'!C4) -> 63 | D4: =SUM('2020:2022'!D4) -> 158 | E4: =SUM('2020:2022'!E4) -> 67 | F4: =SUM('2020:2022'!F4) -> 0
A5: Camera | B5: =SUM('2020:2022'!B5) -> 69 | C5: =SUM('2020:2022'!C5) -> 56 | D5: =SUM('2020:2022'!D5) -> 131 | E5: =SUM('2020:2022'!E5) -> 120 | F5: =SUM('2020:2022'!F5) -> 0
A6: TV | B6: =SUM('2020:2022'!B6) -> 91 | C6: =SUM('2020:2022'!C6) -> 137 | D6: =SUM('2020:2022'!D6) -> 81 | E6: =SUM('2020:2022'!E6) -> 71 | F6: =SUM('2020:2022'!F6) -> 0
A7: Oven | B7: =SUM('2020:2022'!B7) -> 108 | C7: =SUM('2020:2022'!C7) -> 166 | D7: =SUM('2020:2022'!D7) -> 102 | E7: =SUM('2020:2022'!E7) -> 138 | F7: =SUM('2020:2022'!F7) -> 0
A8: Fridge | B8: =SUM('2020:2022'!B8) -> 110 | C8: =SUM('2020:2022'!C8) -> 145 | D8: =SUM('2020:2022'!D8) -> 109 | E8: =SUM('2020:2022'!E8) -> 74 | F8: =SUM('2020:2022'!F8) -> 0
